{
  "1": {
    "train_loss": 109.24859953392297,
    "val_results": {
      "sum_reward": 0.5243165634938536,
      "total_trades": 121,
      "hit_rate": 0.6203703703703703
    },
    "epsilon": 0.7538081527393171
  },
  "2": {
    "train_loss": 20.75417164398823,
    "val_results": {
      "sum_reward": 0.2406705436342313,
      "total_trades": 44,
      "hit_rate": 0.75
    },
    "epsilon": 0.5039673472293708
  },
  "3": {
    "train_loss": 24.94357470443356,
    "val_results": {
      "sum_reward": 1.6394671179470697,
      "total_trades": 327,
      "hit_rate": 0.6277602523659306
    },
    "epsilon": 0.16024498472451484
  },
  "4": {
    "train_loss": 10.022906072903425,
    "val_results": {
      "sum_reward": 0.04320305251777997,
      "total_trades": 240,
      "hit_rate": 0.5656108597285068
    },
    "epsilon": 0.07162548623324738
  },
  "5": {
    "train_loss": 12.209767288848525,
    "val_results": {
      "sum_reward": 1.0404002780057056,
      "total_trades": 310,
      "hit_rate": 0.6127946127946128
    },
    "epsilon": 0.0499999999999733
  },
  "6": {
    "train_loss": 6.840343824122101,
    "val_results": {
      "sum_reward": 0.9565996467828282,
      "total_trades": 187,
      "hit_rate": 0.632183908045977
    },
    "epsilon": 0.0499999999999733
  },
  "7": {
    "train_loss": 4.532164147341973,
    "val_results": {
      "sum_reward": 0.3716628659634931,
      "total_trades": 85,
      "hit_rate": 0.5897435897435898
    },
    "epsilon": 0.0499999999999733
  }
}